{"cameraMode":{"drawMode":0,"name":"Shaded","section":"Shading Mode"},"sceneLighting":true,"audioPlay":false,"sceneViewState":{"showFog":true,"showMaterialUpdate":false,"showSkybox":true,"showFlares":true,"showImageEffects":true,"showParticleSystems":true},"in2DMode":false,"pivot":{"x":-8.145163536071778,"y":-21.67303466796875,"z":14.873149871826172},"rotation":{"x":-0.4170229732990265,"y":0.2663857638835907,"z":-0.12926948070526124,"w":-0.8593241572380066},"size":18.846803665161134,"orthographic":false}